user_id,onehot_feat1,onehot_feat2,search_active_level,reco_active_level
660,4,1,0,1
1043,5,2,4,2
853,5,2,4,2
1023,5,1,4,1
1187,5,1,5,1
133,7,1,0,2
221,4,1,0,2
1778,4,1,3,3
542,5,2,0,1
1138,4,2,6,3
916,5,2,4,2
282,6,1,3,2
1324,3,1,0,2
807,1,2,0,1
806,7,1,3,2
41,6,1,3,1
1709,4,1,5,2
522,5,2,4,2
478,2,1,0,3
1450,7,1,0,2
1202,3,1,3,1
1039,5,2,0,2
365,2,2,4,3
567,1,1,4,2
310,4,2,3,3
924,4,1,0,2
1318,5,2,4,2
1392,5,1,3,3
1508,5,1,0,2
240,5,2,2,2
1013,3,2,3,1
1071,2,1,0,0
438,2,1,0,1
323,4,2,3,3
661,5,2,0,2
74,2,2,0,3
1787,7,1,0,2
575,5,1,3,2
385,4,2,3,2
843,3,2,4,2
1339,1,2,0,2
155,2,2,3,0
894,1,2,0,1
741,7,1,4,0
970,5,1,4,2
1501,3,2,3,0
620,2,1,3,1
497,5,1,4,2
1660,1,2,0,2
1689,1,1,3,2
1223,7,1,4,1
228,2,1,0,0
1601,2,1,0,2
1300,1,1,0,2
243,7,1,5,2
957,1,2,4,2
917,5,1,0,1
67,2,2,4,2
840,2,2,3,0
960,4,1,0,2
1402,2,2,5,3
981,2,2,0,1
675,5,2,0,0
1596,7,2,0,3
1110,2,1,0,2
1042,5,2,4,2
727,3,2,5,2
1231,3,1,0,3
1181,6,2,0,2
308,1,2,5,2
18,7,2,3,3
765,2,1,0,1
1372,1,1,3,1
141,2,1,0,2
8,1,2,0,1
362,3,1,3,2
1131,7,2,4,1
680,2,1,3,0
777,6,1,3,0
235,2,2,4,2
1410,2,2,3,3
1755,2,1,0,3
611,2,1,3,1
1260,1,2,3,1
805,0,0,0,2
1654,5,1,0,2
485,7,1,0,1
830,5,1,0,2
106,3,1,0,1
376,3,2,0,1
690,2,1,4,2
884,2,2,3,2
292,1,1,5,1
821,1,2,4,2
1082,4,2,3,2
822,5,1,0,1
93,3,1,0,2
279,2,2,0,2
1563,2,2,3,1
1002,1,2,0,1
1359,2,2,4,2
1204,2,2,3,1
737,6,2,0,0
1506,2,1,0,1
1349,2,2,0,1
1672,2,1,0,1
871,2,2,0,2
1512,4,2,0,2
231,5,1,0,2
596,4,2,0,3
446,2,2,0,2
33,2,1,4,0
1272,1,2,0,2
1762,1,2,3,2
1429,2,2,5,2
1192,2,1,0,0
1137,2,2,0,1
77,6,1,0,0
1513,5,1,0,1
532,3,2,3,2
1411,2,1,0,1
1737,2,2,0,1
89,2,1,3,2
1439,3,2,6,2
1003,3,1,3,0
709,3,1,0,1
658,4,1,5,3
1682,2,2,0,1
167,3,2,0,1
1341,2,2,3,0
1761,2,1,4,1
437,5,1,3,1
118,2,2,3,3
742,5,1,4,3
173,7,1,4,3
1222,5,2,0,2
410,7,1,0,1
653,6,1,0,0
397,4,2,3,1
1136,2,1,0,0
885,6,2,4,2
368,5,1,3,3
2,2,2,2,1
241,4,2,4,2
799,2,2,0,2
798,5,2,3,2
1608,2,2,0,2
903,3,2,0,2
1134,1,1,0,2
1332,5,2,3,1
1734,7,1,3,0
617,1,1,3,0
895,2,1,0,1
139,2,2,3,2
1099,3,2,0,0
1588,2,1,3,1
521,7,1,3,1
1209,2,2,4,2
1395,5,2,3,2
145,7,2,3,1
1052,6,2,3,3
1019,5,1,0,1
673,2,2,0,3
1128,2,1,3,2
959,6,2,4,1
971,3,2,0,1
1160,2,1,3,2
1727,3,2,0,0
370,1,2,0,3
553,6,1,0,2
1617,7,2,0,1
1595,3,2,3,0
1075,5,1,0,3
1603,1,2,4,2
1687,1,2,5,2
882,3,2,0,2
1696,3,2,0,2
1725,5,1,0,2
56,7,1,4,0
1080,2,2,0,0
1486,2,2,5,3
1117,2,2,3,1
609,2,2,0,0
144,4,2,0,2
1416,3,1,0,2
38,2,2,0,0
1284,5,1,3,2
1303,5,1,0,2
1029,7,2,0,1
644,6,1,4,2
648,4,1,0,2
814,5,2,3,2
169,4,1,3,2
1353,5,1,3,3
1195,7,1,3,2
1089,2,2,4,3
1631,2,2,5,2
346,5,1,5,3
1491,2,1,3,1
103,3,2,0,3
1295,1,2,0,2
1756,5,1,3,1
571,3,2,4,1
69,2,2,0,1
428,2,2,3,0
114,2,1,0,1
469,1,2,3,1
1417,2,1,3,2
1759,3,2,0,1
1061,1,2,0,2
1309,5,2,0,1
121,1,2,0,2
570,7,1,0,2
868,7,1,0,1
465,2,1,0,3
547,4,1,3,1
846,2,2,3,0
1692,2,1,0,0
1530,4,2,0,1
52,5,1,0,1
1658,1,2,0,1
1581,4,2,4,2
1036,7,2,4,3
459,4,2,4,2
373,2,2,4,2
453,1,2,0,3
641,2,2,4,2
1766,2,2,3,0
31,5,1,0,2
869,5,1,0,1
587,7,1,0,1
1069,7,1,0,0
541,3,1,0,1
915,4,1,3,1
735,5,1,3,3
1667,2,1,3,0
1706,5,1,0,1
1037,5,2,0,2
111,2,1,0,3
1611,1,2,4,1
747,5,2,3,2
202,2,2,3,1
993,5,1,0,1
1671,2,2,0,2
622,2,2,0,1
1604,5,1,5,3
730,3,2,3,2
740,5,1,3,3
725,3,2,0,1
1232,2,1,0,3
1719,3,2,4,1
1375,2,1,0,1
927,2,2,3,1
1655,3,1,0,1
1528,3,2,0,1
355,7,2,3,3
637,6,1,0,1
422,6,1,6,0
736,2,1,0,2
773,2,1,0,1
1693,4,2,5,2
470,5,1,0,3
1350,7,2,3,3
250,5,2,0,1
1457,3,1,0,1
434,5,1,0,0
574,5,1,0,1
635,2,2,0,1
58,5,2,0,0
1014,2,1,0,0
1338,6,1,3,1
201,2,1,4,2
505,2,1,0,3
750,2,2,0,2
188,2,2,0,1
230,2,2,4,2
1333,5,2,0,0
242,5,2,0,1
733,2,2,0,3
926,2,2,0,3
49,1,1,0,2
1718,1,2,0,1
1095,2,2,0,2
1168,2,2,5,2
1679,2,2,3,0
280,5,1,0,1
601,3,1,0,2
1758,2,2,3,1
1738,1,2,0,2
801,7,1,0,1
462,6,1,4,3
1560,1,2,4,3
1500,4,2,0,2
204,5,2,0,2
1047,1,2,0,0
386,3,1,3,2
170,7,1,0,0
1768,4,2,0,1
688,1,2,0,2
1646,5,1,5,2
704,5,2,0,2
377,4,1,3,2
1421,2,1,0,2
1139,2,2,4,2
1518,6,1,0,2
1243,1,2,0,0
1240,5,1,0,0
615,7,1,0,2
484,3,2,3,0
1122,2,1,0,2
1397,2,2,0,3
918,5,2,4,2
610,2,2,0,1
50,4,2,0,0
1510,1,2,0,0
1432,2,2,4,1
1748,3,2,0,1
1020,5,1,0,1
1583,5,1,0,1
686,6,1,3,2
838,5,2,3,3
1182,6,2,0,0
216,7,1,3,2
1083,3,2,0,3
1789,7,1,3,0
1504,2,2,0,2
409,5,2,0,2
1516,5,2,5,3
1433,6,1,3,3
1622,3,2,3,1
135,2,1,0,3
1113,2,2,4,2
1381,2,2,0,1
1377,3,2,4,3
619,2,1,0,1
886,2,1,3,2
65,3,1,5,3
1259,6,1,4,3
1310,5,2,3,1
1451,5,2,4,2
893,7,2,3,3
1492,5,2,2,2
864,2,1,3,0
1251,5,2,0,3
665,2,1,0,1
136,3,2,0,3
1220,4,1,0,2
1044,2,2,0,3
1554,5,1,0,2
1418,6,1,0,1
294,6,1,4,1
1010,4,2,0,2
1348,5,2,0,1
1777,1,2,3,3
1255,2,2,3,1
450,7,2,0,1
433,6,2,3,2
1415,7,1,0,3
1579,2,2,4,2
837,4,1,4,2
1242,2,2,0,0
306,2,2,4,3
184,7,1,0,2
694,3,2,4,3
383,2,1,3,2
768,3,2,3,0
1724,3,1,0,1
70,2,1,0,2
11,2,1,0,2
312,6,2,3,2
1215,5,1,3,1
37,5,2,4,1
1499,5,1,3,0
652,5,2,0,2
112,5,1,0,0
102,5,2,0,3
1287,2,1,0,1
1352,1,2,3,0
1227,5,2,4,3
185,6,2,3,1
1743,4,1,4,3
1038,6,1,0,0
1304,3,1,0,1
456,1,2,0,3
208,1,2,5,3
996,2,1,4,1
791,2,1,3,1
283,5,2,5,3
493,6,1,0,1
222,4,1,3,1
713,7,2,3,1
1700,4,2,5,2
24,2,2,4,1
582,2,2,0,1
1183,2,2,0,0
12,5,1,0,2
1713,5,2,4,2
352,5,1,0,3
1070,2,2,3,3
164,7,2,0,2
1346,4,2,3,1
452,2,1,0,0
84,5,2,0,3
199,5,1,0,1
85,4,1,4,1
962,1,2,0,0
457,1,1,4,0
666,5,2,0,1
867,6,1,0,1
913,2,1,0,1
298,7,2,3,1
1102,3,2,4,1
1550,2,2,5,1
945,1,2,0,1
92,3,2,0,0
528,4,1,3,2
98,3,1,0,3
1470,7,1,0,1
860,2,2,5,3
120,3,1,4,2
68,3,2,3,2
1170,1,1,3,0
1067,1,2,0,3
941,7,2,3,0
512,2,1,4,1
113,5,1,0,1
404,3,1,3,0
1690,2,1,0,2
25,2,2,0,2
1212,2,2,0,1
1050,5,2,3,2
1164,4,1,0,0
1473,7,2,3,3
983,5,2,5,3
140,3,2,3,1
1746,1,2,3,1
1754,5,1,0,1
407,2,2,5,3
1053,3,2,0,1
1387,5,1,0,2
928,5,2,3,1
1270,0,0,0,1
1076,3,2,3,1
786,4,2,3,1
1469,5,1,0,1
1388,2,2,3,1
707,5,1,0,0
1064,1,2,0,0
1191,3,1,3,1
1640,2,2,0,0
836,2,2,3,3
287,2,1,0,1
210,2,1,0,2
215,2,2,4,1
861,2,1,0,1
130,6,2,0,1
1488,2,2,3,2
447,3,2,0,0
1015,5,2,4,3
1193,2,2,0,2
1313,5,1,0,3
552,5,1,0,1
823,2,2,3,2
1292,5,2,5,3
809,7,2,3,3
1155,7,2,5,3
796,5,2,5,2
739,7,2,5,3
1557,6,2,4,1
946,5,2,5,3
1522,2,2,0,1
1378,5,1,0,2
475,4,1,3,1
51,2,2,3,1
1296,2,1,0,1
1011,5,2,0,2
816,5,1,4,2
1533,7,1,0,1
511,2,2,4,3
253,6,2,3,3
193,7,1,3,3
746,2,1,5,3
989,6,2,3,2
1556,2,1,0,1
603,5,2,0,1
580,4,1,3,1
16,5,1,3,1
299,1,2,3,1
1154,7,2,0,2
1281,2,2,0,1
623,1,2,5,2
119,4,2,0,1
1786,4,1,0,2
1246,3,1,0,2
263,3,2,3,3
1434,5,2,0,3
802,2,2,0,1
96,5,2,4,3
1302,2,1,3,1
1630,4,2,2,0
639,5,1,4,1
1770,6,2,3,0
124,6,1,4,2
597,5,1,0,2
502,2,1,5,2
125,6,2,3,3
762,2,2,0,0
1423,5,1,4,1
1093,1,2,0,2
21,5,2,5,3
44,3,2,0,2
797,5,1,3,1
581,1,1,0,1
449,2,2,0,1
1073,3,2,0,1
161,2,2,0,1
115,6,1,4,3
1357,3,2,5,2
722,5,2,4,2
444,2,1,0,1
627,6,2,3,1
1156,2,2,0,1
1298,6,1,0,1
64,1,2,0,0
1361,5,1,5,3
1505,2,2,0,1
863,6,2,0,1
344,2,1,4,1
1320,2,1,0,2
947,3,1,0,0
1477,4,2,0,3
143,2,1,3,2
1543,2,2,4,1
72,1,2,4,2
937,5,1,6,3
1358,7,1,4,3
54,2,2,0,2
1149,7,1,4,2
1645,5,2,3,2
715,5,2,3,0
934,6,2,0,2
1024,1,2,4,2
156,4,2,0,3
1704,3,2,0,2
1708,7,2,3,3
227,2,2,4,3
1051,6,2,3,3
779,2,1,0,2
1495,3,2,0,3
1374,3,1,3,0
189,5,1,4,3
824,6,2,3,1
1408,2,1,5,3
1571,4,2,4,0
1331,5,1,3,2
172,5,2,0,2
654,3,2,0,2
898,6,2,0,0
530,2,1,4,3
1613,6,1,0,2
1176,5,1,3,0
1356,1,2,4,2
160,5,1,0,1
1750,5,2,4,3
1609,2,2,0,2
629,1,1,4,3
1396,5,1,4,3
1305,1,2,0,1
1476,5,1,0,2
1247,0,0,0,1
1420,5,1,3,2
357,5,2,3,1
1254,2,2,3,3
1125,3,2,0,1
473,2,2,0,2
749,2,2,3,0
967,4,1,0,1
71,4,1,4,3
1616,1,2,3,0
190,5,1,0,3
126,5,1,0,2
698,6,1,0,1
520,7,1,0,3
1228,6,1,3,3
531,5,2,0,2
1208,6,1,0,3
1620,2,1,0,0
1490,7,2,0,1
820,7,1,0,3
45,7,2,4,3
1345,4,1,4,3
181,5,2,4,2
205,6,1,0,1
526,5,2,0,3
1715,5,2,3,2
1041,1,1,0,2
565,6,1,0,2
107,3,2,0,1
347,7,2,0,0
285,5,2,4,3
332,2,1,0,2
200,7,2,3,2
411,5,1,0,1
1629,3,2,4,3
850,3,1,5,3
1635,1,2,4,2
1196,5,1,0,2
1440,6,1,3,3
1,2,2,3,1
229,4,2,3,3
442,5,1,0,2
1055,2,1,3,1
1308,6,2,4,2
1269,7,1,3,3
657,3,1,4,3
839,4,2,0,0
562,5,1,0,2
1675,7,2,4,2
1587,2,2,0,2
718,6,1,0,1
1103,1,2,3,2
1186,7,1,5,2
1135,2,2,4,0
1648,2,1,0,2
225,5,2,3,0
699,3,2,0,2
91,2,2,3,1
426,7,1,0,2
1431,7,2,3,3
34,3,2,0,2
187,3,1,4,1
348,5,2,0,2
1000,5,1,3,3
1545,5,2,3,2
150,2,2,6,3
986,7,2,0,2
1644,6,2,3,3
793,5,1,3,3
751,2,2,4,1
1698,2,2,0,2
265,2,1,3,1
1744,5,1,0,1
1335,4,2,3,2
472,3,2,0,2
911,2,1,0,1
515,5,2,5,2
524,1,2,5,2
1612,2,2,4,1
1158,6,1,0,1
1380,6,1,3,2
1482,6,2,0,2
1027,1,2,0,0
1674,2,2,5,2
819,7,1,0,2
420,2,1,0,2
435,2,1,4,3
859,2,1,5,2
87,3,2,3,1
590,2,2,0,1
1097,3,1,3,0
1685,2,1,3,0
1653,1,2,4,2
1199,6,1,4,1
692,2,2,0,2
1354,3,1,0,3
700,6,1,0,2
1225,2,2,3,0
59,1,1,3,1
1267,6,1,0,1
538,5,2,0,2
297,2,1,3,3
879,1,2,0,3
671,3,1,0,1
1790,2,2,0,2
1185,7,2,0,2
295,5,2,4,2
856,2,2,0,0
1334,3,2,5,3
1751,2,2,0,2
1480,7,2,0,3
335,5,2,4,3
122,5,1,0,2
825,2,2,4,2
1116,7,2,4,1
1578,5,1,4,2
1085,2,2,0,3
1169,1,1,4,1
1159,4,1,0,2
9,2,1,0,0
1562,3,1,4,2
1779,2,2,2,0
855,2,2,0,2
752,2,2,3,1
1121,2,1,0,2
1211,7,2,4,2
1753,2,1,3,2
276,2,1,3,3
1494,5,1,4,1
729,4,2,3,3
1271,5,1,3,0
80,4,1,3,3
109,5,2,0,1
1360,5,1,4,3
396,7,2,2,3
1017,7,1,0,2
1218,7,2,0,1
1549,6,1,3,1
954,5,2,0,0
1639,7,1,4,3
543,5,2,4,3
1268,5,2,4,2
83,0,0,0,2
1344,5,1,3,3
466,7,1,4,1
890,7,2,3,2
1265,5,1,3,3
1221,4,1,0,2
1511,4,2,4,3
950,7,2,0,3
300,5,2,3,1
419,7,1,3,2
1552,2,1,4,2
291,7,2,0,2
788,7,1,3,3
1643,2,1,4,2
405,5,2,3,1
556,3,1,0,3
1244,7,1,0,3
1524,4,2,0,3
1213,3,1,3,2
471,1,2,3,3
244,3,1,3,0
1529,5,1,0,1
1458,2,1,0,2
196,2,2,0,0
1638,5,2,0,0
1057,7,2,0,1
557,3,1,0,1
939,4,1,3,2
1701,2,2,0,0
1035,2,2,3,2
948,2,2,0,3
15,2,1,3,0
255,7,1,0,1
1401,5,2,3,3
607,7,1,3,1
1618,2,2,3,0
168,6,2,5,2
877,4,1,3,0
1641,1,1,3,3
674,5,2,0,0
1210,7,1,3,1
1673,3,1,0,2
907,2,2,6,3
1059,2,2,0,1
134,1,1,0,3
1565,7,2,0,3
158,3,1,0,1
1558,5,2,3,2
402,2,1,0,2
1030,7,1,0,1
66,4,1,3,0
525,2,2,4,0
769,7,1,0,2
536,5,1,4,2
1413,3,2,0,1
1448,6,1,4,2
183,1,2,0,0
1703,1,2,0,1
223,4,1,0,1
162,6,1,3,1
642,1,2,0,1
1148,1,1,0,2
1266,7,2,4,2
1366,2,1,5,1
1238,6,1,4,2
891,4,1,0,3
1465,5,1,0,2
284,2,1,0,2
1436,2,2,0,3
1564,3,1,3,1
844,2,1,4,2
670,5,2,0,3
866,2,2,0,0
618,5,1,3,1
381,5,1,3,2
333,4,1,0,3
364,6,1,3,2
1531,4,2,3,3
870,5,1,0,3
1261,5,2,0,3
560,3,1,4,1
782,3,1,5,3
1745,5,1,3,2
481,2,2,0,0
598,7,1,0,2
1577,5,2,0,2
146,3,2,3,0
569,7,2,4,1
1315,5,1,0,2
857,5,2,3,1
951,4,2,3,1
1198,7,1,0,3
321,5,2,4,3
1257,2,1,0,2
1152,2,2,4,3
833,5,1,0,3
1249,1,2,3,1
296,1,2,0,3
1783,2,2,5,3
1461,5,1,5,3
78,4,1,5,1
942,3,2,5,2
634,2,2,3,2
154,3,1,5,2
123,5,1,3,2
32,6,2,0,3
841,2,1,0,2
100,1,1,5,1
343,2,2,3,1
1127,2,2,3,2
322,2,1,0,3
372,3,1,5,0
994,6,2,0,1
20,5,2,0,1
1323,2,2,0,3
681,4,1,0,2
892,2,2,3,2
539,2,1,3,1
979,4,1,4,3
1363,3,2,0,1
1328,1,1,4,2
1384,6,1,5,2
1045,4,1,3,2
697,5,2,4,3
1079,5,2,0,1
612,1,2,3,2
1463,5,2,0,2
803,2,2,0,0
1721,7,2,4,3
714,2,2,4,2
129,2,1,3,2
248,1,2,3,1
1163,2,1,5,3
214,7,1,4,3
1412,5,2,4,2
1594,1,2,4,1
4,1,2,3,2
439,5,1,0,0
303,2,2,4,2
1600,5,1,4,3
605,2,1,3,1
774,3,1,0,1
563,2,2,3,1
646,3,2,5,2
1111,1,2,0,2
897,2,1,0,2
1132,2,2,3,0
1386,2,2,4,2
832,1,1,0,1
783,5,2,3,1
257,1,2,0,2
1515,2,2,3,3
163,3,2,4,2
1385,6,1,0,1
334,2,1,0,2
395,3,1,4,3
829,3,2,0,2
53,6,1,0,2
304,5,2,4,2
1241,5,2,4,2
1428,2,2,0,1
1747,5,2,0,3
858,5,2,4,3
268,4,2,3,2
980,7,1,0,3
1018,3,2,3,0
380,3,2,3,1
325,7,1,3,1
232,5,2,4,2
1774,2,2,3,2
260,2,1,3,1
880,1,1,0,1
1414,3,1,4,3
186,2,2,4,2
559,1,2,0,2
157,2,2,0,2
339,1,2,0,1
1293,2,2,4,2
594,2,1,1,2
1229,4,2,3,2
1464,2,2,0,1
479,1,2,0,1
847,5,2,0,1
508,3,1,0,2
1459,2,1,0,2
406,5,2,5,3
728,2,2,0,0
938,4,1,3,1
88,4,2,0,1
271,5,1,4,1
1659,4,2,3,2
626,3,1,5,3
873,4,1,3,2
533,5,2,0,3
491,7,1,3,3
1651,7,2,0,1
1592,7,1,0,1
1720,2,2,0,2
1403,3,1,0,2
1188,2,1,0,1
676,7,2,5,3
1697,2,2,3,1
889,3,2,4,2
445,5,2,0,0
1094,7,1,3,0
191,2,2,4,2
369,2,1,3,0
1593,2,1,4,0
568,5,1,0,3
301,5,2,3,0
432,4,1,3,2
1048,4,1,0,2
1054,4,1,3,2
1776,3,1,3,1
62,4,1,5,3
318,2,2,4,2
1400,7,2,4,0
1226,2,2,0,1
1503,2,2,4,2
1314,2,1,4,1
1297,7,1,0,3
1105,2,1,3,3
1167,2,2,0,2
1597,2,1,0,3
351,5,2,0,2
1523,5,1,3,3
656,4,2,3,2
910,7,2,0,0
1602,5,2,3,1
705,5,2,0,3
128,6,2,4,3
1200,7,1,3,3
1586,6,2,4,1
815,2,2,4,1
1485,5,2,5,2
1669,3,2,3,1
483,1,1,4,3
1025,3,2,0,0
415,3,2,0,1
360,3,2,3,1
679,5,1,3,2
1691,2,1,4,2
1427,1,2,3,0
998,2,2,0,0
1336,4,1,4,3
1661,7,1,4,1
79,2,1,4,1
529,3,1,3,1
267,4,2,0,1
394,2,2,4,2
245,2,2,0,3
795,5,2,4,2
487,5,2,0,1
955,4,1,3,0
1683,3,2,0,3
1536,2,1,0,2
1275,5,2,3,3
935,3,2,3,0
412,7,2,3,3
645,2,2,0,2
137,7,1,3,3
275,2,2,3,1
909,7,2,0,3
1624,2,2,0,1
1788,2,1,3,1
812,5,2,0,1
628,2,1,3,2
1173,2,2,0,2
1775,5,2,0,0
643,4,2,5,3
1567,3,1,5,2
613,6,2,3,3
984,5,1,0,2
1233,2,1,0,2
1742,2,1,0,2
1637,3,1,0,2
1741,5,1,0,2
1647,6,1,0,1
1681,6,1,3,1
1723,2,1,3,1
1739,4,2,4,2
430,5,2,6,3
1598,2,2,5,3
687,2,1,0,1
887,5,1,0,2
1109,2,2,0,3
1112,2,2,0,3
794,2,2,4,1
516,1,2,5,2
1780,3,1,0,1
281,3,1,3,2
1316,7,1,3,1
1028,6,1,0,2
1585,5,1,4,3
7,4,2,5,3
414,7,2,4,1
606,1,2,4,2
817,3,2,3,0
1472,2,1,5,3
1584,7,1,0,3
492,2,2,0,0
1230,2,2,0,3
1551,5,2,5,3
1614,3,2,4,2
647,6,2,0,1
1664,1,2,0,2
1091,4,2,4,1
510,5,2,3,3
1540,7,1,4,1
1541,2,2,4,1
734,2,1,3,2
1399,7,1,3,3
42,5,2,0,1
813,1,2,3,0
1286,5,2,3,3
919,7,1,3,2
494,2,1,4,1
1058,2,1,0,2
495,2,2,3,2
1007,2,2,4,2
804,2,2,4,3
507,3,2,4,1
724,5,2,0,1
1119,7,2,3,1
1203,2,2,0,2
1666,7,2,5,3
1369,4,1,0,1
363,2,2,5,2
1711,2,2,4,3
738,2,2,3,2
30,2,1,5,2
1517,7,1,3,1
76,2,1,0,1
1319,4,1,3,2
324,3,2,3,1
631,3,2,0,2
454,7,2,0,2
988,5,2,0,1
17,5,1,0,1
1471,2,2,0,2
1046,6,1,4,1
682,2,2,0,1
1142,0,0,0,1
1115,1,2,0,1
849,6,2,4,3
138,2,2,3,0
904,2,2,0,3
835,5,1,3,2
500,5,2,4,0
1607,7,2,0,3
6,2,2,0,2
1520,0,0,0,1
316,7,2,0,2
461,5,2,0,2
350,7,2,4,2
662,7,2,0,2
1106,3,2,4,2
583,5,2,0,1
964,2,1,0,1
1632,5,2,3,2
392,7,1,0,2
811,5,2,4,3
486,2,1,0,1
1088,2,2,3,2
792,7,1,0,1
1056,2,2,0,3
1373,4,1,0,1
1507,2,2,3,2
1087,3,1,5,0
744,5,1,0,2
973,5,2,3,2
57,3,1,0,2
790,5,2,0,2
1256,2,2,3,2
633,2,1,3,1
1294,5,2,6,3
1224,5,1,0,2
1749,5,1,4,3
1277,5,2,4,2
1235,3,2,0,3
550,2,1,4,2
608,5,1,0,1
178,5,2,3,1
1342,2,2,0,1
270,0,0,3,1
1752,7,1,4,2
1329,2,1,0,1
834,5,1,4,0
1582,2,2,3,2
572,2,1,4,3
826,5,2,5,3
759,2,2,0,2
1621,3,2,5,2
1382,5,2,4,3
375,7,2,3,1
366,5,2,5,3
159,1,1,5,3
756,5,2,5,2
1566,2,2,0,3
1676,3,2,3,0
1153,7,2,3,0
519,3,2,0,1
818,4,1,3,2
290,5,1,3,0
1542,5,2,0,2
1006,3,1,0,2
1253,3,1,3,1
1290,2,1,4,1
28,5,1,3,1
1726,2,2,5,2
1733,5,2,0,2
1559,5,2,4,1
174,1,2,0,2
1714,7,2,3,1
1279,1,2,3,0
589,6,2,0,3
1104,5,1,0,3
1455,3,1,3,2
341,7,2,0,2
1763,3,2,5,0
888,2,1,4,2
207,2,2,4,3
398,1,2,4,2
1108,4,1,3,3
1453,1,2,0,2
719,3,2,0,2
1580,2,2,3,0
1430,5,1,0,0
712,2,1,0,1
953,5,1,0,1
1262,3,1,3,3
1502,1,2,4,1
175,1,2,0,3
448,2,2,0,2
311,2,2,3,0
104,6,2,0,2
771,6,1,5,2
908,1,2,5,0
329,1,2,3,0
1175,2,2,0,0
179,6,2,3,1
5,1,2,0,1
763,2,1,0,2
936,2,2,4,1
1325,5,1,4,2
711,3,2,0,1
256,5,1,4,3
198,5,1,0,2
932,5,1,0,1
1525,2,1,0,1
1532,3,2,0,1
624,2,2,0,1
1688,7,1,0,0
685,5,1,4,2
1772,2,1,3,1
60,4,2,3,0
588,6,1,3,1
1599,6,2,0,3
1250,3,2,0,0
976,5,1,3,2
353,7,1,0,2
923,2,1,0,0
766,5,1,0,2
108,2,2,5,1
778,1,1,3,1
721,4,1,0,1
1276,5,1,0,1
1610,5,2,3,1
1124,7,2,3,0
1590,2,2,5,3
1219,2,1,0,1
1764,7,1,0,2
418,7,1,0,1
1016,1,2,3,2
659,6,2,3,1
220,3,2,4,2
518,2,2,0,2
1141,5,1,0,3
1180,1,2,3,2
1435,1,1,0,0
378,2,1,0,0
1773,1,2,4,2
148,2,2,3,1
1365,2,1,3,1
1096,1,1,0,1
1171,2,1,0,1
328,5,1,3,1
958,2,2,0,2
978,4,2,3,1
1710,4,2,0,3
425,4,2,5,3
1031,7,1,3,1
1162,7,1,3,2
55,6,2,3,0
1398,2,2,0,3
166,7,1,0,2
985,6,2,0,2
1001,2,1,0,1
171,2,2,5,3
1234,1,1,0,0
1784,5,2,3,0
668,3,2,0,1
689,2,2,3,0
1561,2,2,0,3
1393,2,1,3,0
920,6,1,3,1
142,2,2,0,2
555,2,1,3,0
900,5,1,5,2
748,5,2,5,2
561,7,1,0,1
82,4,1,0,0
1467,5,2,3,1
1487,2,1,3,1
1442,2,2,3,0
906,7,2,0,1
63,2,1,0,0
1422,1,2,0,1
1404,3,2,4,2
940,2,1,0,1
391,2,1,3,0
514,2,2,3,1
1009,5,2,0,2
1406,1,2,0,0
1519,2,1,3,0
965,5,1,5,2
1252,2,1,0,1
664,5,1,3,3
151,2,2,4,2
720,5,1,3,1
254,5,2,3,0
1446,2,2,3,0
436,5,2,0,1
239,2,2,0,2
1337,2,1,3,2
336,2,2,0,3
1288,2,2,5,0
1405,6,1,3,3
358,7,2,4,2
177,4,2,3,3
1695,4,1,4,3
999,5,1,0,1
1205,5,1,0,2
81,1,2,4,3
579,5,1,5,2
1443,5,1,4,2
1732,5,1,3,3
317,5,2,3,1
1040,3,2,4,2
696,2,1,5,0
1307,5,1,5,3
1355,2,2,0,1
743,6,2,0,2
278,7,1,0,1
1258,5,1,3,3
374,2,2,0,0
548,2,1,4,2
13,4,1,3,0
286,3,1,4,1
745,2,1,4,2
975,1,2,0,1
331,2,2,3,1
1771,2,2,0,1
974,2,2,3,2
1394,2,1,0,2
416,6,1,0,1
258,4,1,3,1
963,2,2,4,2
1237,3,1,0,1
1668,7,1,3,2
451,1,2,3,1
616,4,2,0,3
226,5,1,5,1
969,5,1,3,3
1086,2,2,5,3
1474,2,2,0,0
195,5,2,0,3
1553,4,1,3,0
0,2,2,0,2
389,2,2,3,1
19,5,2,4,2
489,2,1,4,0
509,7,2,6,3
808,3,1,4,2
1452,7,1,3,1
810,5,1,0,0
1291,3,1,5,2
149,5,2,3,1
1033,2,2,4,0
1174,4,1,0,1
678,4,1,3,2
1383,3,2,0,3
881,1,1,0,2
1407,3,2,5,2
845,2,1,1,0
361,6,1,4,3
1670,5,1,0,2
677,7,1,0,1
878,5,1,3,3
211,3,1,0,3
944,2,2,5,3
1419,7,2,4,3
1081,5,1,0,0
1201,7,1,0,1
293,5,2,3,3
1004,3,2,0,0
1032,7,1,3,2
273,3,2,5,2
977,1,2,0,1
760,5,2,0,0
14,5,1,3,1
1702,6,2,4,1
259,2,1,0,0
1248,7,1,5,3
517,2,1,5,3
1123,2,2,0,1
47,3,2,4,3
1066,5,2,0,3
1107,5,1,0,3
604,2,2,0,2
1537,6,2,0,2
599,2,2,5,3
131,5,2,3,2
218,2,2,3,0
249,3,2,3,1
35,2,2,3,1
1548,2,1,4,3
490,2,1,4,2
584,2,1,3,1
1466,3,2,3,1
535,7,2,0,3
638,3,2,0,2
340,2,1,5,0
460,5,1,3,1
956,5,1,0,0
997,3,2,0,3
234,5,2,4,3
695,3,2,0,1
458,6,1,0,1
1143,7,2,0,2
1172,4,2,5,2
1084,2,2,5,0
987,2,2,4,1
1514,2,1,4,2
110,3,1,4,3
147,2,2,4,1
1322,5,2,5,3
116,4,1,4,3
966,7,1,5,3
356,5,1,3,1
1636,7,1,5,3
1145,3,2,3,2
1483,7,1,3,3
75,4,2,3,2
758,1,2,4,1
1782,1,2,6,2
1526,2,1,0,0
1729,1,2,3,1
261,2,2,0,1
474,4,2,0,0
499,6,2,3,2
1190,5,1,0,3
1214,1,2,3,1
424,3,1,3,1
27,3,2,4,2
667,4,2,3,2
754,3,2,5,3
755,2,1,0,1
1633,2,1,0,2
1306,2,2,4,1
61,1,2,4,1
1278,2,2,4,2
876,3,1,3,1
905,3,2,4,1
1021,5,2,0,3
1114,7,1,3,1
429,7,1,5,3
1527,4,2,0,2
595,6,2,3,1
1489,3,1,3,2
417,2,2,0,2
1312,6,1,0,1
1012,7,2,3,3
1161,2,2,0,2
246,3,1,0,1
931,5,1,0,2
1026,6,2,0,0
427,5,1,3,0
1301,3,1,3,1
440,5,1,0,0
600,5,2,0,0
883,7,1,3,2
1077,2,2,3,2
990,3,2,3,0
431,2,1,0,3
1735,6,1,3,0
39,2,1,5,2
593,2,2,0,3
197,2,2,0,2
379,2,1,3,0
1634,6,2,4,3
828,3,1,3,2
1062,4,1,0,3
1642,2,1,4,1
476,3,2,4,2
482,7,1,0,2
463,7,2,5,3
289,7,1,0,2
1656,5,1,3,0
252,5,1,3,3
842,7,2,0,2
1391,5,1,0,0
716,7,2,0,0
305,4,1,3,3
852,2,1,0,0
1462,5,1,5,3
480,4,1,3,3
1049,1,2,0,2
1694,3,2,0,1
1740,5,1,5,3
1157,5,1,4,2
1576,6,1,4,3
776,5,1,0,2
968,6,2,6,2
314,2,2,4,1
1130,4,1,0,0
213,2,2,0,1
26,6,1,3,3
930,5,2,4,3
789,7,2,0,2
1390,5,2,0,2
614,3,1,0,3
1699,3,2,4,3
23,5,2,4,1
488,6,1,0,3
1326,1,2,0,2
423,7,2,3,3
1063,3,1,0,2
327,6,1,4,2
684,1,1,0,1
1236,5,1,0,3
1547,6,1,4,2
1568,5,2,3,1
1409,5,1,3,1
602,6,1,4,3
540,3,2,0,2
441,7,1,3,3
477,7,1,3,3
1146,5,1,4,3
949,4,2,0,1
101,1,2,0,1
630,2,2,3,1
831,4,2,3,3
1767,2,2,3,2
43,4,2,3,3
566,1,2,0,3
307,2,1,3,1
73,2,2,0,3
1263,6,1,4,2
97,5,1,0,3
464,1,1,0,0
1118,5,1,0,2
1371,7,1,0,3
274,7,1,4,0
1605,2,2,3,1
1657,4,1,0,2
233,3,2,0,3
354,2,2,0,2
1379,7,2,4,3
1090,2,1,0,2
1444,4,2,0,2
691,5,2,3,1
1572,5,2,4,1
933,2,2,3,2
1425,7,1,3,3
1368,5,1,0,3
1206,3,1,3,1
632,6,1,0,2
1570,1,2,5,3
731,6,2,0,2
545,3,1,3,3
586,1,1,0,3
1591,5,1,0,2
577,4,2,2,0
1311,6,1,0,2
127,2,2,3,2
90,5,2,3,2
764,4,1,0,1
899,2,2,0,1
342,7,1,6,1
86,2,2,3,0
1068,1,2,0,2
663,1,2,0,3
1663,5,1,0,3
1731,5,2,4,2
1684,7,2,0,3
753,2,2,4,2
326,2,1,0,3
1575,6,2,4,2
496,5,2,0,1
236,2,2,0,1
683,3,1,4,2
384,5,2,3,2
1179,4,1,1,0
1546,5,2,0,2
1680,1,2,4,3
1376,3,2,0,2
703,4,2,4,1
702,6,1,5,3
421,7,1,0,3
1140,5,1,3,2
1649,2,2,3,1
224,5,1,3,1
732,2,1,3,0
1678,7,2,3,2
1126,2,2,0,0
1573,2,1,6,3
262,5,2,5,1
1239,3,2,3,3
1769,2,1,0,2
901,2,1,0,1
40,5,2,0,1
176,1,2,5,3
1497,2,2,3,2
929,2,2,5,2
408,3,1,5,3
1343,6,2,0,3
544,5,2,0,1
862,5,1,4,2
182,2,1,0,3
1555,6,2,3,1
1347,2,2,3,1
770,1,1,4,1
1619,2,1,2,2
851,1,2,3,1
36,5,1,0,3
952,2,1,5,2
388,7,2,4,3
504,2,2,0,2
1606,7,1,4,2
277,2,1,3,1
573,2,1,5,3
1481,2,2,0,1
1498,2,1,5,1
272,5,2,4,2
251,1,2,0,2
1460,2,1,3,0
503,5,2,0,1
192,3,2,3,2
1282,2,2,4,3
1765,5,1,1,0
991,2,1,5,2
1454,2,2,0,0
693,3,1,0,3
320,1,2,4,2
94,1,2,0,2
1623,2,2,4,2
315,2,1,0,3
309,2,1,0,1
982,2,1,0,1
1289,1,2,3,0
1484,5,2,4,3
1189,5,2,4,3
1707,7,1,3,0
330,2,1,0,2
640,7,1,3,3
1098,0,0,3,0
1078,5,2,0,1
1151,3,2,0,3
443,2,1,0,2
413,2,2,0,1
48,7,2,0,3
902,5,1,3,0
3,2,2,0,3
1074,7,1,0,3
217,2,2,0,3
874,3,1,5,3
1574,2,1,3,2
1177,2,2,4,1
1538,5,1,3,2
651,2,2,0,1
1101,2,2,0,0
337,2,2,0,2
914,2,1,3,1
1034,5,2,5,3
1456,3,1,4,2
1245,7,1,0,3
498,1,2,4,2
672,2,2,0,2
390,5,2,0,0
875,2,1,3,1
558,2,1,0,1
1022,2,1,3,0
1626,4,2,6,3
367,2,1,0,2
1340,6,2,5,2
564,1,2,0,3
1493,3,2,0,2
1445,3,1,0,1
288,7,2,3,1
349,3,2,0,3
22,2,2,4,2
152,7,2,3,1
1544,3,1,4,2
757,2,2,6,3
921,2,2,0,2
212,6,2,0,2
780,7,1,3,2
655,2,2,3,2
1299,1,2,0,1
1065,2,1,0,2
1509,2,2,4,2
467,1,2,0,3
787,5,2,0,1
1535,3,2,3,0
767,5,1,4,3
1705,2,2,3,2
1717,5,2,3,1
401,7,2,4,2
592,4,2,4,1
1100,2,1,0,2
194,2,2,5,3
1327,2,2,5,3
1283,2,2,3,1
1534,2,1,0,3
726,2,1,3,0
319,2,2,0,1
925,2,1,0,3
1424,7,1,3,3
209,4,2,3,3
775,4,1,4,2
1144,4,1,3,2
1730,7,1,0,3
455,1,1,0,0
772,4,2,0,1
1712,6,2,0,1
1321,1,2,0,1
345,1,2,0,0
513,2,1,3,2
800,5,2,3,0
636,7,1,0,1
1441,2,2,0,1
506,5,2,0,3
387,7,1,0,1
554,5,2,3,3
1197,5,1,3,0
706,7,1,3,2
1627,4,2,3,0
180,5,2,0,3
943,2,1,0,1
1008,5,1,4,2
1072,5,2,3,1
578,5,2,3,2
117,2,2,0,1
1722,2,2,4,2
1280,2,2,0,3
1147,5,1,3,0
625,0,0,3,1
710,7,2,0,2
1781,7,2,4,2
784,2,2,0,1
1716,5,2,0,3
1166,4,2,5,3
1184,3,1,0,1
848,2,2,5,2
1665,2,2,4,2
537,2,2,0,3
551,2,1,0,2
717,5,1,3,1
549,1,2,0,2
1273,7,1,0,3
649,7,2,3,2
46,4,1,0,2
1389,2,1,3,2
1475,2,2,0,2
1496,5,2,5,1
1728,7,1,3,1
1521,4,1,3,1
1330,4,1,4,3
1317,5,2,0,1
1165,7,1,5,3
591,7,1,4,1
1133,5,2,6,1
1060,6,2,0,3
1264,2,1,4,2
585,1,2,3,1
576,6,1,0,1
523,3,2,4,1
153,5,1,5,3
1351,5,1,3,2
708,4,1,3,0
701,5,1,0,1
238,2,2,0,0
1364,5,2,4,1
313,1,2,0,3
247,7,1,3,2
237,5,1,0,1
1120,5,1,0,0
922,7,1,0,1
399,2,1,0,1
1449,2,1,5,3
1468,2,1,5,3
972,2,2,3,0
1367,5,2,3,1
1539,5,2,4,3
1478,7,2,0,1
132,2,2,0,1
29,4,2,3,1
266,3,2,0,0
669,5,2,4,3
165,2,2,3,2
1216,5,2,0,0
501,3,2,3,1
1150,7,1,3,2
302,2,1,0,2
1217,3,2,3,1
1479,7,1,3,1
1625,2,1,5,3
1092,3,1,5,2
1650,3,2,0,3
1178,2,2,0,2
371,2,2,5,2
468,4,2,0,1
382,3,1,0,2
854,2,2,4,1
621,2,2,4,2
95,4,1,4,2
393,2,2,4,1
1005,1,2,3,0
546,5,2,0,1
206,4,1,3,1
896,2,1,3,1
912,1,2,1,3
1785,5,2,4,3
761,2,1,0,2
1207,2,2,4,0
1438,3,1,3,3
1274,5,2,5,3
1652,5,1,5,0
203,3,2,4,2
400,2,2,0,1
527,2,2,4,0
1589,3,2,0,2
1426,2,1,3,0
992,7,1,3,2
723,5,1,0,3
1285,2,2,0,3
1628,2,2,4,2
534,4,1,3,3
650,7,2,0,0
1677,2,2,0,1
865,2,1,6,1
1662,5,2,0,3
1569,2,2,0,0
781,7,1,4,3
1686,4,2,0,3
872,4,1,0,1
99,7,2,3,3
995,7,2,0,0
359,5,1,5,3
1757,2,1,3,2
1362,2,2,4,0
1760,2,2,3,1
338,2,2,3,0
269,6,1,0,1
961,5,2,4,1
1736,3,2,4,0
105,3,2,5,2
1194,5,1,3,2
785,3,2,5,3
1129,3,2,5,3
1615,3,1,0,1
10,3,1,3,1
827,5,1,0,2
403,3,2,3,3
264,3,2,0,3
219,7,2,4,1
1437,2,2,0,2
1370,3,2,0,2
1447,5,2,0,3
